id,first_name,last_name,email,gender,city,company
1,Arvin,Maddy,amaddy0@theguardian.com,Male,Maputo,Skajo
2,Inesita,Albasini,ialbasini1@aboutads.info,Female,Tekikbanyuurip,Devpoint
3,Gardener,Duffrie,gduffrie2@blogtalkradio.com,Male,Kumla,Edgewire
4,Marketa,Harnott,mharnott3@instagram.com,Female,Durazno,Devshare
5,Happy,Ricson,hricson4@typepad.com,Female,Irecê,Meemm
6,Donavon,Pelos,dpelos5@stumbleupon.com,Male,Kuçovë,Wikivu
7,Hernando,Batchelar,hbatchelar6@amazon.co.jp,Male,Luqiao,Skyndu
8,Abra,Guppey,aguppey7@usda.gov,Female,Obodivka,Fadeo
9,Dre,MacDuffie,dmacduffie8@psu.edu,Female,Tianqian,Twitterwire
10,Kaye,Lethardy,klethardy9@nymag.com,Female,Colonia Elisa,Buzzbean
11,Marsha,Corran,mcorrana@unicef.org,Female,Okazaki,Yotz
12,Kyla,Bassano,kbassanob@toplist.cz,Female,Ashikaga,Eabox
13,Morlee,Habishaw,mhabishawc@last.fm,Male,Paris La Défense,Skinder
14,Chancey,Armin,carmind@dmoz.org,Male,Casa Branca,Twitterbeat
15,Sandro,Erdely,serdelye@economist.com,Male,Vale,Mymm
16,Viki,Kett,vkettf@ft.com,Female,Concepcion,Wordtune
17,Mendy,Valentin,mvalenting@epa.gov,Male,Ban Selaphum,Meevee
18,Emanuele,Jeannequin,ejeannequinh@nba.com,Male,Franceville,Mydo
19,Roman,Mager,rmageri@ow.ly,Male,Patrocínio,Mynte
20,Kylie,Rubertelli,krubertellij@cyberchimps.com,Female,Yeniköy,Zoovu
21,Helga,Lean,hleank@list-manage.com,Female,Gradec,Zoomcast
22,Aubry,Caudrelier,acaudrelierl@eepurl.com,Female,Dingdian,Mudo
23,Kerwin,Trainor,ktrainorm@alexa.com,Male,Zwolle,Leexo
24,Jacynth,Witard,jwitardn@cnn.com,Female,Wilmington,Divavu
25,Adele,Labat,alabato@ameblo.jp,Female,Marne-la-Vallée,Devpulse
26,Zaccaria,Charleston,zcharlestonp@state.tx.us,Male,Dagupan,Dynabox
27,Masha,Logan,mloganq@1688.com,Female,Jagodina,Quinu
28,Sheela,De Cruze,sdecruzer@pen.io,Female,Houndé,Eidel
29,Ollie,Tooby,otoobys@discovery.com,Male,Kotor,JumpXS
30,Rebekkah,Moring,rmoringt@earthlink.net,Female,Río Blanquito,Jaxnation
31,Blanche,Seage,bseageu@sina.com.cn,Female,Mandaon,Cogidoo
32,Norton,Scroyton,nscroytonv@wordpress.com,Male,Nkwerre,Tanoodle
33,Yankee,Crofthwaite,ycrofthwaitew@lulu.com,Male,Lidzbark,Minyx
34,Ingrid,Hamly,ihamlyx@hostgator.com,Female,Likupang,Eare
35,Tallia,Lidstone,tlidstoney@weebly.com,Female,Cekcyn,Abata
36,Jamie,Feitosa,jfeitosaz@wired.com,Male,Ankola,Dablist
37,Ludovika,Lonie,llonie10@gizmodo.com,Female,Rayevskaya,Youbridge
38,Merci,Lindenbaum,mlindenbaum11@topsy.com,Female,Mhango,Voomm
39,Lorianne,Angelini,langelini12@icio.us,Female,Zamora,Gigashots
40,Dotti,Swaffer,dswaffer13@xing.com,Female,Kunčina,Browsetype
41,Emilio,Kenzie,ekenzie14@house.gov,Male,Sang-e Māshah,Topdrive
42,Tremaine,Pickard,tpickard15@networksolutions.com,Male,Changning,Yambee
43,Bendix,Joanic,bjoanic16@comsenz.com,Male,Irákleion,Eare
44,Allyce,Gasker,agasker17@cnn.com,Female,Chicago,Shuffledrive
45,Othello,Nan Carrow,onancarrow18@cdbaby.com,Male,Maymana,Camimbo
46,Emilee,Prew,eprew19@go.com,Female,Sumuran,Brainverse
47,Allene,MacAndreis,amacandreis1a@cdbaby.com,Female,Santa Cecilia,Mydeo
48,Jarrod,McAlarney,jmcalarney1b@amazon.de,Male,Grybów,Skimia
49,Hubert,Bridgland,hbridgland1c@ca.gov,Male,Chaoyang,Leexo
50,Yale,Bolam,ybolam1d@mapy.cz,Male,Soe,Innojam
51,Mychal,Hunnaball,mhunnaball1e@stanford.edu,Male,Alderetes,Flashset
52,Ferne,Elven,felven1f@oakley.com,Female,Verkhozim,Trupe
53,Shelby,Sturgeon,ssturgeon1g@auda.org.au,Female,Sv. Ana v Slov. Goricah,Bluejam
54,Hyacinthia,Cashford,hcashford1h@macromedia.com,Female,Chongxian,JumpXS
55,Mariel,Pointin,mpointin1i@blinklist.com,Female,Xiaochengzi,Yakidoo
56,Mason,Richings,mrichings1j@mapquest.com,Male,Laojunpo,Bubblebox
57,Klaus,Gatch,kgatch1k@redcross.org,Male,Ciburial,Zoomcast
58,Selie,Harragin,sharragin1l@slashdot.org,Female,Châtillon,Babbleblab
59,Ofelia,Dopson,odopson1m@bbb.org,Female,Belém,Kanoodle
60,Marley,Valentin,mvalentin1n@amazon.co.jp,Female,Plavy,Tagpad
61,Imojean,Gillon,igillon1o@dropbox.com,Female,Kedungbang,Meembee
62,Wilmar,Fountaine,wfountaine1p@elpais.com,Male,Álftanes,Skimia
63,Aubine,Hightown,ahightown1q@e-recht24.de,Female,Guinsang-an,Kwilith
64,Mufi,Christal,mchristal1r@lulu.com,Female,Jianxin,Edgetag
65,Daryl,Schwieso,dschwieso1s@tuttocitta.it,Male,Bodø,Zooxo
66,Petey,Purrier,ppurrier1t@webmd.com,Male,Mikhaylovsk,Skipfire
67,Mahalia,Ridett,mridett1u@statcounter.com,Female,Fort Worth,Lazz
68,Vasily,St. Pierre,vstpierre1v@mapquest.com,Male,Lijia,Talane
69,Dita,Wrotchford,dwrotchford1w@businessweek.com,Female,Bueng Khong Long,Chatterbridge
70,Ronni,Beddow,rbeddow1x@wisc.edu,Female,Barisāl,Topdrive
71,Aubine,Benini,abenini1y@unblog.fr,Female,Uthai Thani,Midel
72,Grethel,Longo,glongo1z@usnews.com,Female,Gramoteino,Voomm
73,Kettie,Bollins,kbollins20@ucoz.ru,Female,Schenectady,Dynazzy
74,Cathlene,Barefoot,cbarefoot21@nih.gov,Female,Thị Trấn Yên Thế,Twinte
75,Cirillo,Gawler,cgawler22@opera.com,Male,Longnawang,Topiclounge
76,Marjy,La Batie,mlabatie23@digg.com,Female,Bomomani,LiveZ
77,Kelly,Andryunin,kandryunin24@de.vu,Male,Mintang,Eidel
78,Star,Schubart,sschubart25@google.co.uk,Female,El Olivar,Wikizz
79,Agneta,Gauge,agauge26@opera.com,Female,Nazrēt,Linklinks
80,Ernaline,Graalman,egraalman27@house.gov,Female,Kiffa,Flashdog
81,Pall,Shearmer,pshearmer28@wufoo.com,Male,Kasukabe,Shuffledrive
82,Erma,Sothern,esothern29@accuweather.com,Female,Cherkasskoye,Edgeclub
83,Coriss,Beaufoy,cbeaufoy2a@mlb.com,Female,Dampit,Meejo
84,Gabbey,Condell,gcondell2b@bing.com,Female,Ejmiatsin,Realmix
85,Alasdair,McBrady,amcbrady2c@scribd.com,Male,Pointe Michel,Wordtune
86,Zebulon,Dargue,zdargue2d@marriott.com,Male,Dadong,InnoZ
87,Ulla,Offell,uoffell2e@rediff.com,Female,Botoh,Brainbox
88,Jemima,Ladley,jladley2f@amazon.de,Female,Smokvica,Quinu
89,Avis,Mabbitt,amabbitt2g@icio.us,Female,Ogurugu,Centizu
90,Ariela,Kiddie,akiddie2h@msn.com,Female,Korczew,Zoozzy
91,Matelda,Overington,moverington2i@newsvine.com,Female,Filiatrá,LiveZ
92,Daniele,Meriton,dmeriton2j@examiner.com,Female,Zhuping,Camimbo
93,Mikel,Cockayne,mcockayne2k@mac.com,Male,Fukuroi,Skyble
94,Carlos,McGonigal,cmcgonigal2l@zimbio.com,Male,Áyios Yeóryios,Quatz
95,Sancho,Dadge,sdadge2m@globo.com,Male,Lomme,Skivee
96,Shem,Fehners,sfehners2n@is.gd,Male,Jintang,Linkbridge
97,Alvira,Syversen,asyversen2o@tinyurl.com,Female,Kuala Lumpur,Fatz
98,Abbot,Manwell,amanwell2p@gmpg.org,Male,Donostia-San Sebastian,Camido
99,Gard,Pesik,gpesik2q@ow.ly,Male,Mszana Dolna,Bubbletube
100,Northrup,Blackah,nblackah2r@wordpress.org,Male,Al Baqāliţah,Vimbo
101,Andonis,Seiffert,aseiffert2s@cisco.com,Male,Badu,Skiba
102,Colver,Freshwater,cfreshwater2t@trellian.com,Male,Bordeaux,Thoughtblab
103,Aliza,Charker,acharker2u@diigo.com,Female,Rumilly,Meeveo
104,Pren,Auld,pauld2v@ucoz.com,Male,Tajimi,Flipopia
105,Dorise,Cornell,dcornell2w@studiopress.com,Female,Olsztyn,Blogpad
106,Kayne,MacCarroll,kmaccarroll2x@cloudflare.com,Male,Mache,Oyoba
107,Dorris,Frogley,dfrogley2y@wordpress.org,Female,Dąbrowa,Kwideo
108,Renee,Cota,rcota2z@geocities.jp,Female,Yanglin,Eayo
109,Desiri,Waples,dwaples30@feedburner.com,Female,Marićka,Bluezoom
110,Letta,Bownas,lbownas31@biblegateway.com,Female,Muara Sabak,Skilith
111,Gris,Bolden,gbolden32@hatena.ne.jp,Male,Basco,Youspan
112,Franchot,Brahan,fbrahan33@nyu.edu,Male,Lillehammer,Pixope
113,Alaster,Mulliner,amulliner34@barnesandnoble.com,Male,Santa Rita do Sapucaí,Realmix
114,Wat,Borland,wborland35@statcounter.com,Male,Lefkímmi,Gabvine
115,Tildy,Lochhead,tlochhead36@weebly.com,Female,Bílovice,Voolith
116,Jeanie,Hark,jhark37@samsung.com,Female,Khadīr,Gabvine
117,Sileas,Treadger,streadger38@reference.com,Female,El Nido,Demizz
118,Jinny,Hustler,jhustler39@washington.edu,Female,Banyumas,Gigabox
119,Marla,Derl,mderl3a@europa.eu,Female,Buzet,Buzzdog
120,Kassie,Riccardelli,kriccardelli3b@google.fr,Female,Ezhou,Rhycero
121,Virgilio,Wilcot,vwilcot3c@bravesites.com,Male,El Rancho,Latz
122,Katleen,Licciardello,klicciardello3d@oakley.com,Female,Sabugal,Layo
123,Kaylil,Haruard,kharuard3e@blinklist.com,Female,Manacsac,Devpoint
124,Grady,Stolberg,gstolberg3f@indiegogo.com,Male,Fovissste,Geba
125,Norrie,Malby,nmalby3g@vinaora.com,Female,Gar,Livetube
126,Franz,Kilty,fkilty3h@discovery.com,Male,Morelos,Shuffletag
127,Marylynne,Boys,mboys3i@goodreads.com,Female,Xibu,Rhyzio
128,Gabie,Deeley,gdeeley3j@salon.com,Male,Lucija,Eidel
129,Kally,Magee,kmagee3k@wordpress.com,Female,Fuling,Photobug
130,Norton,Parchment,nparchment3l@nytimes.com,Male,Newport Beach,Trudoo
131,Venus,Jenik,vjenik3m@jalbum.net,Female,Datong,Yata
132,Christabel,McCaskill,cmccaskill3n@ted.com,Female,New York City,JumpXS
133,Haskel,Lanphere,hlanphere3o@yolasite.com,Male,Sandefjord,Thoughtblab
134,Jennette,Marzele,jmarzele3p@cyberchimps.com,Female,Água Retorta,Kanoodle
135,Finn,Lettsom,flettsom3q@harvard.edu,Male,Matinha,Rhynyx
136,Dorene,Addekin,daddekin3r@zdnet.com,Female,Karvia,Topicware
137,Liane,Echalie,lechalie3s@sohu.com,Female,Miaoyu,Twinte
138,Meridith,Aronstein,maronstein3t@surveymonkey.com,Female,Tingzhou,Quimba
139,Timmie,Clausewitz,tclausewitz3u@shutterfly.com,Female,Njivice,Gabtype
140,Sayer,Erdis,serdis3v@newsvine.com,Male,Tân Việt,Yacero
141,Durward,Sydenham,dsydenham3w@elpais.com,Male,Non Sung,Realbuzz
142,Lavena,Featherstonhalgh,lfeatherstonhalgh3x@simplemachines.org,Female,Igarra,Riffpath
143,Rudyard,Carbin,rcarbin3y@oaic.gov.au,Male,San Isidro,Yata
144,Kristel,Manuello,kmanuello3z@icio.us,Female,Chegutu,Photobug
145,Addie,Dubois,adubois40@bluehost.com,Female,Xinzhou,Flipbug
146,Lindsey,Latan,llatan41@independent.co.uk,Male,Comé,Oba
147,Giulia,Chatainier,gchatainier42@ocn.ne.jp,Female,Huangliang,Kazu
148,Richmound,Cleugher,rcleugher43@examiner.com,Male,Kapunduk,Kazu
149,Marwin,Claridge,mclaridge44@samsung.com,Male,Rongcheng,Thoughtsphere
150,Stephana,Jiracek,sjiracek45@marketwatch.com,Female,Skrzyszów,Zoomlounge
151,Koressa,McKeurton,kmckeurton46@deviantart.com,Female,Shanhe,Kwimbee
152,Flinn,Cantor,fcantor47@gravatar.com,Male,Duiwelskloof,Tazzy
153,Ellary,Roney,eroney48@cmu.edu,Male,Kolaka,Centizu
154,Gerek,Jennins,gjennins49@whitehouse.gov,Male,Leiguan,Photobug
155,Robena,Janodet,rjanodet4a@theglobeandmail.com,Female,Nice,Brainlounge
156,Mart,Bodleigh,mbodleigh4b@lycos.com,Male,Chitungwiza,Realfire
157,Hamid,Fearnall,hfearnall4c@amazonaws.com,Male,Sydney,Photofeed
158,Zaria,Randall,zrandall4d@nature.com,Female,Sudogda,Jaloo
159,Demeter,Pellant,dpellant4e@washingtonpost.com,Female,Cerro Azul,Meevee
160,Fin,Pentelo,fpentelo4f@ucoz.com,Male,Granada,Vitz
161,Cherish,Ianetti,cianetti4g@wix.com,Female,Yizhang Chengguanzhen,Skipstorm
162,Chester,Chilles,cchilles4h@t.co,Male,Talibura,Jaxworks
163,Alejandra,Gingold,agingold4i@netlog.com,Female,Mabuttal East,Viva
164,Lisbeth,Reuter,lreuter4j@time.com,Female,Plyeshchanitsy,Kanoodle
165,Ericha,Schwander,eschwander4k@sohu.com,Female,Usman’,Dynabox
166,Eldon,Giacopelo,egiacopelo4l@blogs.com,Male,Umunede,Jaloo
167,Karylin,Pinder,kpinder4m@digg.com,Female,Labytnangi,Jabbersphere
168,Saunderson,Sagar,ssagar4n@ustream.tv,Male,Souq Larb’a al Gharb,Twitternation
169,Arlyn,Beddin,abeddin4o@sohu.com,Female,Honglong,Linklinks
170,Livia,Kirke,lkirke4p@nih.gov,Female,Grebnevo,Chatterpoint
171,Leonhard,Gravie,lgravie4q@cnbc.com,Male,Ḥurfeish,Gevee
172,Dillon,Redpath,dredpath4r@networkadvertising.org,Male,Hongyan,Devcast
173,Melvyn,Bickley,mbickley4s@altervista.org,Male,Khlong Hat,Chatterpoint
174,Hadria,Tomson,htomson4t@cbc.ca,Female,Juan N Alvarez,Innotype
175,Valentia,Chettoe,vchettoe4u@stumbleupon.com,Female,Bërxull,Dynabox
176,Ashton,Farress,afarress4v@phpbb.com,Male,Huesca,Riffwire
177,Artemus,Wingeatt,awingeatt4w@redcross.org,Male,Dongsheng,Yamia
178,Yulma,Fayers,yfayers4x@mapy.cz,Male,Bratislava,Ainyx
179,Tracy,Renshall,trenshall4y@state.gov,Male,Binagadi,Youbridge
180,Danielle,Bason,dbason4z@nasa.gov,Female,Koshigaya,Wordpedia
181,Darcy,McDuall,dmcduall50@1und1.de,Male,Sal’sk,Skiptube
182,Sophi,Thams,sthams51@samsung.com,Female,Krasnyy Oktyabr’,Meedoo
183,Natale,Whetson,nwhetson52@addtoany.com,Male,Jutiapa,Abatz
184,Damian,Ladloe,dladloe53@diigo.com,Male,Nato,Thoughtstorm
185,Yovonnda,Arnot,yarnot54@surveymonkey.com,Female,Growong Kidul,Mynte
186,Augustina,Divver,adivver55@dyndns.org,Female,Jidong,Snaptags
187,Shadow,Band,sband56@cyberchimps.com,Male,Mashan,Youspan
188,Stefano,Simon,ssimon57@dot.gov,Male,Skelleftehamn,Tagchat
189,Andriana,Causey,acausey58@nba.com,Female,Cimalati,Ailane
190,Adora,Gage,agage59@google.com.br,Female,Bromont,Fivespan
191,Freddy,aManger,famanger5a@facebook.com,Female,Zhangshui,Oyonder
192,Nate,Coggan,ncoggan5b@flickr.com,Male,Bressuire,Dabjam
193,Shell,Pocklington,spocklington5c@adobe.com,Male,Pevek,Fivebridge
194,Loreen,Few,lfew5d@guardian.co.uk,Female,Fengjiang,Leenti
195,Matthiew,Oty,moty5e@abc.net.au,Male,København,Latz
196,Saxe,Weightman,sweightman5f@etsy.com,Male,Georgiyevsk,Gabvine
197,Rachele,Gotthard,rgotthard5g@delicious.com,Female,Avelinha,Dynabox
198,Sullivan,Fairrie,sfairrie5h@virginia.edu,Male,Bilao,Browsedrive
199,Amber,Casbourne,acasbourne5i@macromedia.com,Female,Shangyi,Riffpath
200,Rebbecca,Brandi,rbrandi5j@technorati.com,Female,Lāmerd,Dabshots
201,Bert,Robelin,brobelin5k@privacy.gov.au,Male,Limbo,Wordpedia
202,Fletch,Eastbury,feastbury5l@csmonitor.com,Male,Naranjal,Chatterpoint
203,Terencio,Clemmett,tclemmett5m@aol.com,Male,Calinaoan Malasin,Mymm
204,Emanuele,Chaplyn,echaplyn5n@sfgate.com,Male,Jeseník,Agivu
205,Shepperd,Menezes,smenezes5o@xinhuanet.com,Male,Ugbokpo,Meeveo
206,Susanetta,Borrington,sborrington5p@microsoft.com,Female,Marhanets’,Vidoo
207,Calley,Tiner,ctiner5q@topsy.com,Female,Creil,Yabox
208,Karney,Herrieven,kherrieven5r@sitemeter.com,Male,Vito,Dynava
209,Ezekiel,Hilldrop,ehilldrop5s@sogou.com,Male,Changwon,Cogibox
210,Walker,Scripps,wscripps5t@mashable.com,Male,Milotice,Innojam
211,Willetta,Proven,wproven5u@etsy.com,Female,Laâyoune / El Aaiún,Kwimbee
212,Louis,Courtonne,lcourtonne5v@go.com,Male,Kumla,Roombo
213,Kaile,Cannicott,kcannicott5w@vistaprint.com,Female,Warlubie,Voolith
214,Artair,Staley,astaley5x@miitbeian.gov.cn,Male,Wujing,Twiyo
215,Ginger,Lawlance,glawlance5y@wikimedia.org,Male,Kaczory,Browsetype
216,Normand,Filip,nfilip5z@cam.ac.uk,Male,Liuqiao,Wikibox
217,Ida,Dowyer,idowyer60@seattletimes.com,Female,Xiqiao,Mycat
218,Horatio,Demer,hdemer61@google.com.br,Male,Ordynskoye,Buzzster
219,Helen,Philippon,hphilippon62@ucoz.com,Female,Chekmagush,Tagopia
220,Tarra,Sanney,tsanney63@istockphoto.com,Female,Xiadingjia,Kayveo
221,Griffy,Sneezem,gsneezem64@usda.gov,Male,Jawl al Majma‘,Browsezoom
222,Chryste,Barson,cbarson65@gov.uk,Female,Amashca,Oyope
223,Tanney,Longcake,tlongcake66@1688.com,Male,Ath,Tekfly
224,Sibelle,Soff,ssoff67@tripadvisor.com,Female,Sakaidechō,Topiclounge
225,Easter,Suttling,esuttling68@typepad.com,Female,Carmen,Kamba
226,Elenore,Francke,efrancke69@dailymotion.com,Female,Klang,Oozz
227,Cloris,O'Hartnett,cohartnett6a@msn.com,Female,Bystré,Livetube
228,Joella,Casserly,jcasserly6b@imageshack.us,Female,Manzini,Eamia
229,Carleton,De Maria,cdemaria6c@comsenz.com,Male,Pampas,Dabjam
230,Kingsly,Elkin,kelkin6d@barnesandnoble.com,Male,Nancy,Quaxo
231,Murvyn,Woodings,mwoodings6e@printfriendly.com,Male,Voyinka,Brightbean
232,Kris,Pascall,kpascall6f@sfgate.com,Male,Belize City,Edgewire
233,Bent,Findley,bfindley6g@fda.gov,Male,Dārāb,Meevee
234,Tallie,Laughlan,tlaughlan6h@cpanel.net,Male,Būr Safājah,Einti
235,Major,Bonehill,mbonehill6i@yolasite.com,Male,Mina de São Domingos,Jetwire
236,Lyndel,Vosper,lvosper6j@deviantart.com,Female,Mamasa,Buzzbean
237,Paola,Hounson,phounson6k@deliciousdays.com,Female,Strawczyn,Bluezoom
238,Stevena,Choke,schoke6l@microsoft.com,Female,Axioúpoli,Jabbersphere
239,Hilton,Pluck,hpluck6m@paginegialle.it,Male,Meizhuang,Skiptube
240,Porter,Cobon,pcobon6n@bigcartel.com,Male,Seattle,Blogtags
241,Normand,Diloway,ndiloway6o@ycombinator.com,Male,Blaye,DabZ
242,Consolata,Heathorn,cheathorn6p@simplemachines.org,Female,Zblewo,Oyoba
243,May,Miles,mmiles6q@patch.com,Female,Kuangsan,Kwilith
244,Venus,Linturn,vlinturn6r@imgur.com,Female,Marshintsy,Buzzbean
245,Nick,Sellan,nsellan6s@alexa.com,Male,Pandangan Kulon,Jaxbean
246,Ileane,Baudou,ibaudou6t@fc2.com,Female,Guangyuan,Photobean
247,Travis,Matskiv,tmatskiv6u@shinystat.com,Male,Adiwerna,Innojam
248,Ellyn,Ferrini,eferrini6v@google.es,Female,Yawata,Trilia
249,Wilmar,Stait,wstait6w@e-recht24.de,Male,Sidi Bousber,Skyble
250,Teodoro,Christiensen,tchristiensen6x@aol.com,Male,Boa Esperança,Skivee
251,Parker,Dimock,pdimock6y@nbcnews.com,Male,Yesan,Skynoodle
252,Chalmers,Brum,cbrum6z@go.com,Male,Rumboci,Muxo
253,Karisa,Cottingham,kcottingham70@noaa.gov,Female,Zhiqu,Twitternation
254,Drew,Butland,dbutland71@usgs.gov,Male,Singajaya,Brightbean
255,Alyss,Bjorkan,abjorkan72@soundcloud.com,Female,Shuangshi,Photobug
256,Hedwig,Orteaux,horteaux73@cdbaby.com,Female,Kalian,Vinte
257,Hamish,Lugsdin,hlugsdin74@bizjournals.com,Male,Lakbok,Voonix
258,Claiborn,Janacek,cjanacek75@ed.gov,Male,Oelui,Brainsphere
259,Mariana,Gueny,mgueny76@nih.gov,Female,Perches,Flipbug
260,Ali,Passey,apassey77@sbwire.com,Male,Cibunut,Quatz
261,Rubia,Durman,rdurman78@g.co,Female,Pallasca,Meeveo
262,Lib,Slark,lslark79@youtube.com,Female,Klembivka,Oba
263,Mendel,Hulls,mhulls7a@ucoz.com,Male,Verkhniy Kurkuzhin,Mudo
264,Antoine,Haslehurst,ahaslehurst7b@google.cn,Male,Toledo,Skilith
265,Shurlock,Vazquez,svazquez7c@google.cn,Male,Cilegi,Yamia
266,Max,Claringbold,mclaringbold7d@narod.ru,Male,Šenkovec,Twitterbeat
267,Leyla,Robshaw,lrobshaw7e@imgur.com,Female,Tanbu,Ntags
268,Inger,Heersema,iheersema7f@umn.edu,Female,Zaria,Shuffletag
269,Yvon,Dabnot,ydabnot7g@unc.edu,Male,Pamplona,Browsezoom
270,Madeline,Rockcliffe,mrockcliffe7h@hibu.com,Female,Bangil,BlogXS
271,Dalia,Emeny,demeny7i@mashable.com,Female,Kalety,Mydo
272,Burton,Reddell,breddell7j@geocities.com,Male,Maroua,Avaveo
273,Brear,Logsdale,blogsdale7k@cnbc.com,Female,Hengjian,Tagtune
274,Christalle,Schimek,cschimek7l@stanford.edu,Female,Ōmura,Youspan
275,Arabella,Wainwright,awainwright7m@typepad.com,Female,Fort Abbās,Centizu
276,Nichol,Eadmead,neadmead7n@xinhuanet.com,Female,Kalibo (poblacion),Yabox
277,Abran,Lackemann,alackemann7o@japanpost.jp,Male,Chengnan,Jaxnation
278,Trstram,Bartoszewski,tbartoszewski7p@webmd.com,Male,Lümeng,Divanoodle
279,Curtis,Clemitt,cclemitt7q@is.gd,Male,San Jacinto,Gabtune
280,Theressa,Crutch,tcrutch7r@yandex.ru,Female,Obrenovac,Fiveclub
281,Gibbie,Stendall,gstendall7s@umn.edu,Male,Hlybokaye,Mymm
282,Charyl,Flowers,cflowers7t@godaddy.com,Female,Peddie,Babbleopia
283,Delaney,Phillip,dphillip7u@moonfruit.com,Male,Chagou,Photojam
284,Zelig,Sedworth,zsedworth7v@google.ca,Male,Iogach,Devcast
285,Alameda,Tasseler,atasseler7w@washingtonpost.com,Female,Trảng Bom,Rooxo
286,Othilia,Ruddom,oruddom7x@upenn.edu,Female,Zhangbagou,Flipopia
287,Lorry,Tingle,ltingle7y@usatoday.com,Male,Fenghuangshan,Divanoodle
288,Jefferey,Blacksell,jblacksell7z@rambler.ru,Male,Daciyao,Yozio
289,Frasier,Maddinon,fmaddinon80@lulu.com,Male,Huangjing,Latz
290,Pablo,Weakley,pweakley81@oakley.com,Male,Hưng Nguyên,Midel
291,Nertie,Zucker,nzucker82@netscape.com,Female,Néa Sánta,Snaptags
292,Moise,Scothern,mscothern83@wordpress.org,Male,Zhenqiao,Tazz
293,Nola,Clericoates,nclericoates84@who.int,Female,Altıağac,Yadel
294,Lorrie,Rawood,lrawood85@freewebs.com,Female,Al Quwaysimah,Tagfeed
295,Maudie,Lintin,mlintin86@people.com.cn,Female,Ust’-Kachka,Jabberbean
296,Dulcia,Brotherhed,dbrotherhed87@flickr.com,Female,Minūf,Jabbersphere
297,Ruth,Cameron,rcameron88@desdev.cn,Female,San Marcos,Aimbo
298,Lorin,Fudger,lfudger89@ucla.edu,Male,Panacan,Kare
299,Nero,Laws,nlaws8a@google.fr,Male,Modis,Photobug
300,Bibby,Birdwistle,bbirdwistle8b@ameblo.jp,Female,Noisy-le-Grand,Zoomdog
301,Valli,Mapledoore,vmapledoore8c@t.co,Female,Kryva Hora,Photobean
302,Foss,Harley,fharley8d@tiny.cc,Male,Paris 10,Jamia
303,Rowena,Harrald,rharrald8e@telegraph.co.uk,Female,Lebu,Flashspan
304,Sansone,Hacun,shacun8f@mapy.cz,Male,Zielona Góra,Reallinks
305,Elnar,Valintine,evalintine8g@amazon.co.jp,Male,Jacutinga,Miboo
306,Kirbie,Robottham,krobottham8h@sina.com.cn,Female,Guiping,Pixonyx
307,Olive,Fattorini,ofattorini8i@bizjournals.com,Female,Novopokrovka,Agimba
308,Evanne,Gobbet,egobbet8j@creativecommons.org,Female,Libog,Devify
309,Claudia,Macrow,cmacrow8k@google.nl,Female,Shevchenkove,Mita
310,Robbi,Clavering,rclavering8l@google.cn,Female,Olupona,Brightbean
311,Ruthe,Vickarman,rvickarman8m@jalbum.net,Female,Mardzad,Shuffletag
312,Humfried,Mattisssen,hmattisssen8n@army.mil,Male,Sheki,Divanoodle
313,Christiano,Iacovelli,ciacovelli8o@examiner.com,Male,Youssoufia,Zazio
314,Trescha,Dumbreck,tdumbreck8p@about.com,Female,Made,Topicshots
315,Mei,Kamienski,mkamienski8q@posterous.com,Female,Nacala,Flipopia
316,Eward,Vasilmanov,evasilmanov8r@opera.com,Male,Xinshi,Kwideo
317,Stanleigh,Caldecourt,scaldecourt8s@rambler.ru,Male,Baiqi,Linkbridge
318,Marielle,Admans,madmans8t@ucsd.edu,Female,Pulap,Aibox
319,Eleen,Bradder,ebradder8u@163.com,Female,Nalsian Norte,Jetwire
320,Paton,Sawyer,psawyer8v@wikispaces.com,Male,Bimbo,Voonix
321,Rriocard,Ivanikhin,rivanikhin8w@usa.gov,Male,Jakubowice Murowane,Skiba
322,Auberon,Gatsby,agatsby8x@facebook.com,Male,Laiyuan,Browseblab
323,Gretchen,Shower,gshower8y@ocn.ne.jp,Female,Yantian,Thoughtbridge
324,Teodor,Frayne,tfrayne8z@census.gov,Male,Şurmān,Jaxnation
325,Sissie,Burberow,sburberow90@ucsd.edu,Female,Valencia,Rhycero
326,Jaynell,Hardacre,jhardacre91@instagram.com,Female,Longgao,Roodel
327,Florencia,Redborn,fredborn92@census.gov,Female,Inari,Yodoo
328,Anastasia,Cameli,acameli93@drupal.org,Female,Bulqizë,Skilith
329,Joaquin,Treppas,jtreppas94@tamu.edu,Male,Bitam,Eayo
330,Veradis,Millichip,vmillichip95@furl.net,Female,Cabra Figa,Wikivu
331,Shannah,Racher,sracher96@about.me,Female,Sigou,Jazzy
332,Onfre,Heavens,oheavens97@cnbc.com,Male,Vårby,Trunyx
333,Felice,Sinden,fsinden98@list-manage.com,Female,Ichnya,Skajo
334,Cedric,Dumpleton,cdumpleton99@youtu.be,Male,Balitoc,Avamba
335,Daveta,Hackinge,dhackinge9a@economist.com,Female,Carcavelos,Ainyx
336,Lezley,Gingle,lgingle9b@t.co,Male,Kiarajangkung,Shufflebeat
337,Tressa,Flawith,tflawith9c@zdnet.com,Female,Liantan,Zoomlounge
338,Tessi,Scarlan,tscarlan9d@diigo.com,Female,Puerto Morazán,Tambee
339,Shem,Gabby,sgabby9e@gnu.org,Male,Pathum Thani,Wikivu
340,Lorena,Delamaine,ldelamaine9f@vinaora.com,Female,Wanzu,Yadel
341,Cecilius,Bentham,cbentham9g@paginegialle.it,Male,Cipicung,Dablist
342,Fransisco,Desorts,fdesorts9h@youku.com,Male,San Pablo,Eadel
343,Loni,Plante,lplante9i@plala.or.jp,Female,Bayan-Ovoo,Omba
344,Sutherlan,Shoorbrooke,sshoorbrooke9j@dailymotion.com,Male,Klenčí pod Čerchovem,Gigazoom
345,Kandy,Ingledew,kingledew9k@unblog.fr,Female,Forssa,Ozu
346,Putnem,Wellsman,pwellsman9l@slideshare.net,Male,Haninge,Eazzy
347,Slade,MacTrustram,smactrustram9m@zimbio.com,Male,Tabu,Youtags
348,Borden,Ottiwill,bottiwill9n@rambler.ru,Male,Bajia,Voonte
349,Ulrikaumeko,Messham,umessham9o@si.edu,Female,Xinhe,Dabtype
350,Abel,Kilvington,akilvington9p@chicagotribune.com,Male,Surcubamba,Realbuzz
351,Boris,Gapper,bgapper9q@google.com.hk,Male,Spanish Town,Oodoo
352,Myrtia,MacTeggart,mmacteggart9r@seesaa.net,Female,Bang Saphan,Kare
353,Rowen,Behrendsen,rbehrendsen9s@accuweather.com,Male,Coronel Fabriciano,Browsetype
354,Karleen,Udale,kudale9t@oaic.gov.au,Female,Staten Island,Meejo
355,Gustav,Savery,gsavery9u@yelp.com,Male,Yanqian,Voonyx
356,Barbee,Jayes,bjayes9v@odnoklassniki.ru,Female,Khemisset,Innojam
357,Cullin,Birch,cbirch9w@shutterfly.com,Male,Angao,Yata
358,Raul,Portail,rportail9x@ow.ly,Male,Berlin,Devshare
359,Lyn,Bulcock,lbulcock9y@facebook.com,Male,Pedregulho,Zoonder
360,Westleigh,Delap,wdelap9z@prlog.org,Male,Isanlu Itedoijowa,Aimbu
361,Warren,Manion,wmaniona0@nba.com,Male,Batulenger Barat,Livetube
362,Sargent,Reddington,sreddingtona1@merriam-webster.com,Male,Kostrzyn nad Odrą,Skilith
363,Jeth,Weatherdon,jweatherdona2@delicious.com,Male,Sosnovka,JumpXS
364,Fredric,Hatherley,fhatherleya3@wired.com,Male,Pubal,Kwimbee
365,Robers,Innwood,rinnwooda4@webmd.com,Male,Inari,Dabvine
366,Brade,Matteuzzi,bmatteuzzia5@cnbc.com,Male,Latacunga,Meevee
367,Cookie,Burnside,cburnsidea6@google.cn,Female,Huallanca,Janyx
368,Fletcher,Caslane,fcaslanea7@alexa.com,Male,Malabonot,Zoombeat
369,Ruby,Vassbender,rvassbendera8@over-blog.com,Male,Nawābganj,Buzzster
370,Maxine,Hodgon,mhodgona9@biblegateway.com,Female,Säffle,Jayo
371,Jolyn,Cuttle,jcuttleaa@squarespace.com,Female,Blackfalds,Cogilith
372,Grethel,Thal,gthalab@i2i.jp,Female,Tene,Kayveo
373,Delmore,Mably,dmablyac@phpbb.com,Male,Pimenta Bueno,Zava
374,Cart,Baggiani,cbaggianiad@cpanel.net,Male,Amor,Thoughtsphere
375,Rees,Batchelar,rbatchelarae@sitemeter.com,Male,Istres,Fivespan
376,Tabb,Drews,tdrewsaf@wordpress.com,Male,Narutochō-mitsuishi,Pixope
377,Melloney,Kerswill,mkerswillag@printfriendly.com,Female,Riihimäki,Oyonder
378,Kahaleel,Ridehalgh,kridehalghah@artisteer.com,Male,Mathambgwane,Katz
379,Cameron,Frostdyke,cfrostdykeai@wisc.edu,Male,Wentang,Mymm
380,Torrence,Arendt,tarendtaj@reference.com,Male,Igrejinha,Yodo
381,Georgetta,Phillipps,gphillippsak@gov.uk,Female,Chinchiná,Voomm
382,Isadore,Windus,iwindusal@liveinternet.ru,Male,Aemura,Kwimbee
383,Marabel,Bendig,mbendigam@baidu.com,Female,Pakel,Brainlounge
384,Koenraad,Dolan,kdolanan@illinois.edu,Male,Suhopolje,Skiba
385,Flemming,Michelle,fmichelleao@vistaprint.com,Male,Medellín,Brainsphere
386,Read,Brodeau,rbrodeauap@fema.gov,Male,Ponoka,Shufflebeat
387,Glenden,Novelli,gnovelliaq@newyorker.com,Male,Tambac,Oyope
388,Caryl,Garry,cgarryar@wufoo.com,Male,Paris La Défense,Zoombeat
389,Danie,Normadell,dnormadellas@aboutads.info,Male,Riti,Ailane
390,Celine,Whiteson,cwhitesonat@psu.edu,Female,Imġarr,Browsedrive
391,Ezequiel,Mariel,emarielau@people.com.cn,Male,Sacramento,Eimbee
392,Grover,Cariss,gcarissav@reuters.com,Male,Xijia,Dabjam
393,Shell,Pickrell,spickrellaw@macromedia.com,Male,Sanxi,Twiyo
394,Janella,Bortol,jbortolax@discovery.com,Female,Pamyat’ Parizhskoy Kommuny,Digitube
395,Prudence,Leivers,pleiversay@netvibes.com,Female,Gouxaria,Midel
396,Selinda,Paolinelli,spaolinelliaz@miibeian.gov.cn,Female,Guadalupe,Bluejam
397,Adolphus,Ramm,arammb0@ft.com,Male,Vera Cruz,Eabox
398,Wenonah,Birkmyre,wbirkmyreb1@goo.ne.jp,Female,Brok,Jaxworks
399,Annette,Karchowski,akarchowskib2@msn.com,Female,Krajan,Kwideo
400,Carlen,Erswell,cerswellb3@mlb.com,Female,Panguruan,Pixonyx
401,Emmery,Ivashin,eivashinb4@netvibes.com,Male,Namioka,Jetwire
402,Goraud,Duffell,gduffellb5@delicious.com,Male,Songshan,Innojam
403,Melonie,Errichelli,merrichellib6@mayoclinic.com,Female,Ketanggi,Yadel
404,Eugenia,Kender,ekenderb7@apple.com,Female,Tongzhong,Topicblab
405,Cindelyn,Grimstead,cgrimsteadb8@hubpages.com,Female,Lanat,Eimbee
406,Chase,Colmore,ccolmoreb9@hc360.com,Male,Qulsary,Dablist
407,Vassily,Obern,vobernba@twitpic.com,Male,Krajan Tegalombo,Jazzy
408,Duncan,Rudinger,drudingerbb@unblog.fr,Male,Kemang,Dabjam
409,Enrico,Fairham,efairhambc@ow.ly,Male,Yichun,Roombo
410,Sharl,De Miranda,sdemirandabd@storify.com,Female,Ban Talat Bueng,Yombu
411,Milty,Seid,mseidbe@drupal.org,Male,Sanchahe,Skidoo
412,Timothy,Whiterod,twhiterodbf@comcast.net,Male,Skopje,Realcube
413,Renate,Mawditt,rmawdittbg@printfriendly.com,Female,Novaya Igirma,Wikizz
414,Martica,Clogg,mcloggbh@wikia.com,Female,Corpus,Viva
415,Mariya,Letterick,mletterickbi@mozilla.org,Female,Waiwejak,Youspan
416,Stoddard,Taye,stayebj@hatena.ne.jp,Female,Wongsorejo,Blogspan
417,Natala,Wigglesworth,nwigglesworthbk@csmonitor.com,Female,Petrolera,Talane
418,Katie,Wynett,kwynettbl@ca.gov,Female,Simpang,Fatz
419,Adaline,Steutly,asteutlybm@odnoklassniki.ru,Female,Koysinceq,Geba
420,Hermon,Moutray Read,hmoutrayreadbn@ehow.com,Male,Ängelholm,Skimia
421,Ansley,Goggan,agogganbo@alibaba.com,Female,Karangsari,Aimbo
422,Kev,Swynfen,kswynfenbp@stanford.edu,Male,Tidaholm,Skinix
423,Allys,Vernall,avernallbq@tamu.edu,Female,Paris 08,Pixonyx
424,Shelia,Nardi,snardibr@earthlink.net,Female,Titay,Mymm
425,Saraann,Darnbrough,sdarnbroughbs@tinypic.com,Female,Dagohoy,Thoughtbeat
426,Michael,Belliss,mbellissbt@cisco.com,Male,Baborów,Jabberbean
427,Kirstin,Schule,kschulebu@baidu.com,Female,Żarki,Livepath
428,Marshal,Poznan,mpoznanbv@icio.us,Male,Tønsberg,Edgeblab
429,Bret,Edwinson,bedwinsonbw@plala.or.jp,Male,Nanping,Kaymbo
430,Gustavo,O' Gara,gogarabx@hc360.com,Male,Golbey,Reallinks
431,Kailey,Lally,klallyby@geocities.com,Female,Kilkenny,Innojam
432,Arliene,Clemmensen,aclemmensenbz@jiathis.com,Female,Naifalo,Agivu
433,Jacques,Waison,jwaisonc0@cloudflare.com,Male,Yanac,Jaxbean
434,Bron,Hebdon,bhebdonc1@ca.gov,Male,Saint-Lô,Yabox
435,Scottie,Manzell,smanzellc2@walmart.com,Male,Chignayhua,Fadeo
436,Winnifred,Edwinson,wedwinsonc3@g.co,Female,Campos Novos,Skaboo
437,Gerladina,Gadesby,ggadesbyc4@nature.com,Female,Langensari,Voonix
438,Maxie,Popov,mpopovc5@indiatimes.com,Male,Ōita,Meeveo
439,Vi,Biggadike,vbiggadikec6@toplist.cz,Female,Steinsel,Kwilith
440,Antonetta,Tristram,atristramc7@amazonaws.com,Female,Jega,Tagchat
441,Rebe,Haughian,rhaughianc8@chronoengine.com,Female,Ifanadiana,Rhynyx
442,Nil,Jeannaud,njeannaudc9@hao123.com,Male,Bergen,Vimbo
443,Gun,Darwent,gdarwentca@stanford.edu,Male,La Virginia,Jabbercube
444,Bibi,Benstead,bbensteadcb@oakley.com,Female,Ambato,Quatz
445,Estrellita,MacDuff,emacduffcc@parallels.com,Female,Jocotenango,Minyx
446,Herb,Fausch,hfauschcd@constantcontact.com,Male,Bronx,Ntags
447,Heida,Ditchfield,hditchfieldce@ask.com,Female,Karangpete,Dabfeed
448,Camile,Grut,cgrutcf@shinystat.com,Female,Jaga,Quamba
449,Jeanette,Swayton,jswaytoncg@homestead.com,Female,Little Current,Blognation
450,Zak,Hubbucke,zhubbuckech@gravatar.com,Male,Himensulan,Tagchat
451,Godwin,Cusworth,gcusworthci@exblog.jp,Male,Kuala Lumpur,Brightbean
452,Emmery,Ritter,erittercj@icq.com,Male,Nizhniy Kurkuzhin,Flipbug
453,Troy,Pinnion,tpinnionck@geocities.jp,Male,Vyborg,Babbleopia
454,Ajay,Braker,abrakercl@issuu.com,Female,Getazat,Brightdog
455,Baron,Provost,bprovostcm@desdev.cn,Male,Croissy-sur-Seine,Realblab
456,Pauli,Tyhurst,ptyhurstcn@nifty.com,Female,Perfilovo,Mymm
457,Betsey,Boniface,bbonifaceco@nytimes.com,Female,Canguaretama,Brightdog
458,Torrance,Savidge,tsavidgecp@drupal.org,Male,Bijeli,Cogibox
459,Lyndsay,Pedlar,lpedlarcq@bizjournals.com,Female,Formosa,Jetpulse
460,Hastings,Thebe,hthebecr@mtv.com,Male,Sangpi,Trudeo
461,Yance,Vass,yvasscs@dell.com,Male,Longwei,Yodel
462,Vince,Jaine,vjainect@skype.com,Male,Wolong,Twimm
463,Juliette,Winnard,jwinnardcu@un.org,Female,Nybro,Oyoba
464,Normand,Claypole,nclaypolecv@oakley.com,Male,Huayuan,Yodel
465,Noella,Scheffler,nschefflercw@mozilla.com,Female,Russkaya Polyana,Quimba
466,Caldwell,Welch,cwelchcx@plala.or.jp,Male,Eusebio Ayala,Yakijo
467,Tiff,Tombleson,ttomblesoncy@timesonline.co.uk,Female,Yushikalasu,Riffpedia
468,Prent,Brankley,pbrankleycz@cam.ac.uk,Male,Payao,Zoomzone
469,Ethelind,Boyen,eboyend0@youtu.be,Female,Habiganj,Izio
470,Winifield,Latey,wlateyd1@columbia.edu,Male,Labrang,LiveZ
471,Addy,Cumbridge,acumbridged2@desdev.cn,Female,Guaçuí,Vinte
472,Bran,Laslett,blaslettd3@time.com,Male,Shuitai,Rhyzio
473,Dreddy,Maisey,dmaiseyd4@berkeley.edu,Female,Nador,Thoughtmix
474,Alecia,Bohlmann,abohlmannd5@mapquest.com,Female,Banshu,Shuffledrive
475,Goran,Sutherns,gsuthernsd6@hibu.com,Male,Barrancabermeja,Meevee
476,Jerrie,McEnery,jmceneryd7@tuttocitta.it,Male,Sigavé,Browsezoom
477,Dalia,Hasling,dhaslingd8@shutterfly.com,Female,Shuiyang,Twimm
478,Ahmed,McLenaghan,amclenaghand9@wunderground.com,Male,Casablanca,Mydo
479,Casper,Spieck,cspieckda@ftc.gov,Male,Cheb,Topdrive
480,Cozmo,Vannozzii,cvannozziidb@nifty.com,Male,Waddān,Mymm
481,Olly,Rudolph,orudolphdc@chicagotribune.com,Female,Pār Naogaon,Realbridge
482,Blair,McLoughlin,bmcloughlindd@senate.gov,Female,Tawun,Zoombox
483,Matias,Brandom,mbrandomde@cyberchimps.com,Male,San José,Divanoodle
484,Robbie,Adamsky,radamskydf@archive.org,Female,Suban,Divanoodle
485,Merrel,Lumm,mlummdg@1688.com,Male,Libertad,Livepath
486,Alf,Roubert,aroubertdh@flickr.com,Male,Lewoluo,Flashspan
487,Parke,Butterfint,pbutterfintdi@fotki.com,Male,Dallas,Ntags
488,Katusha,Carden,kcardendj@redcross.org,Female,Tetandara,Realcube
489,Annice,Prinett,aprinettdk@baidu.com,Female,Gaza,Quamba
490,Heida,Croyser,hcroyserdl@ftc.gov,Female,Cikubang,Jetwire
491,Stern,Benadette,sbenadettedm@cnbc.com,Male,Le Tampon,Leexo
492,Fleming,Sedgeman,fsedgemandn@i2i.jp,Male,Kanye,Tanoodle
493,Pepillo,Cromleholme,pcromleholmedo@w3.org,Male,Saint-Jouan-des-Guérets,Babbleset
494,Alfreda,Bassano,abassanodp@edublogs.org,Female,Sincelejo,Gabtype
495,Clemmy,Bernardino,cbernardinodq@cocolog-nifty.com,Male,Chimoio,Fliptune
496,Urson,Springle,uspringledr@cloudflare.com,Male,Trucuk,Midel
497,Terence,Blything,tblythingds@is.gd,Male,Jingpeng,Dynazzy
498,Cynthea,Raubheim,craubheimdt@angelfire.com,Female,Nuquí,Twinder
499,Tiff,Congram,tcongramdu@dagondesign.com,Female,Västra Frölunda,Dazzlesphere
500,Mikaela,Saywell,msaywelldv@reverbnation.com,Female,Asikkala,Jaxspan
501,Tandie,Matasov,tmatasovdw@salon.com,Female,Kiyevskoye,Trudoo
502,Marc,Chawkley,mchawkleydx@google.com.br,Male,Pingya,Zoovu
503,Linell,Felipe,lfelipedy@scientificamerican.com,Female,Weiguo,Ozu
504,Marylin,Shorte,mshortedz@china.com.cn,Female,Greytown,Talane
505,Irma,Bainton,ibaintone0@buzzfeed.com,Female,Paso de los Libres,Skippad
506,Lissi,Loxton,lloxtone1@ed.gov,Female,Yokohama,Oozz
507,Marilyn,Gothard,mgotharde2@aol.com,Female,Jardim do Seridó,Camimbo
508,Huntington,Anderbrugge,handerbruggee3@vkontakte.ru,Male,Mont-Laurier,Lazzy
509,Johnna,Maidlow,jmaidlowe4@boston.com,Female,Floriana,Agimba
510,Prince,Avison,pavisone5@goo.ne.jp,Male,Sokol,Skyble
511,Aymer,Timothy,atimothye6@usgs.gov,Male,Iballë,Yambee
512,Miguela,Victoria,mvictoriae7@cbsnews.com,Female,Parnaíba,Edgeblab
513,Helge,Blewis,hblewise8@sbwire.com,Female,Charneca da Cotovia,Edgeify
514,Amara,Najera,anajerae9@pagesperso-orange.fr,Female,Babakanloa,Muxo
515,Laurena,Grent,lgrentea@pagesperso-orange.fr,Female,Taklale,Gabtune
516,Maura,Acaster,macastereb@mit.edu,Female,San Carlos de Bolívar,Brainsphere
517,Bernete,Siggee,bsiggeeec@free.fr,Female,Phatthaya,DabZ
518,Dinnie,Brosh,dbroshed@ezinearticles.com,Female,Týnec,Avavee
519,Obadias,Giovannetti,ogiovannettiee@fc2.com,Male,Paris 05,Zoovu
520,Bennie,Swinyard,bswinyardef@nasa.gov,Female,København,Thoughtmix
521,Markus,Gleaves,mgleaveseg@photobucket.com,Male,Holboo,Avamm
522,Kim,Rampton,kramptoneh@creativecommons.org,Male,Puqian,Skiba
523,Anna-diane,Le Frank,alefrankei@blogspot.com,Female,Kuznetsovs’k,Yadel
524,Felice,Ianittello,fianittelloej@cmu.edu,Male,Bajos de Haina,Babbleblab
525,Dael,Mustchin,dmustchinek@nps.gov,Female,Morelos,Fliptune
526,Dot,Wallman,dwallmanel@live.com,Female,Krajan Battal,Meemm
527,Javier,Leither,jleitherem@intel.com,Male,Badīn,Oyope
528,Cairistiona,Benthall,cbenthallen@china.com.cn,Female,San Matías,Thoughtbridge
529,Giselle,Madle,gmadleeo@gizmodo.com,Female,Khudāydād Khēl,Innojam
530,Margalo,Edmonston,medmonstonep@google.es,Female,Cennan,Shuffletag
531,Jennilee,Jorgesen,jjorgeseneq@blogtalkradio.com,Female,Al Khirāb,Divape
532,Zollie,Royal,zroyaler@springer.com,Male,Krajan Alastengah,Thoughtbridge
533,Kurt,Craigg,kcraigges@ebay.co.uk,Male,Komsomol’skiy,Wikibox
534,Arlene,Reeds,areedset@posterous.com,Female,Rublëvo,Ntag
535,Elene,Meconi,emeconieu@japanpost.jp,Female,El Calafate,Oyondu
536,Kristo,Biggen,kbiggenev@about.me,Male,Kalino,Innojam
537,Rurik,Norewood,rnorewoodew@mtv.com,Male,Havtsal,Fadeo
538,Danny,Glasson,dglassonex@europa.eu,Male,Primorka,Linklinks
539,Calypso,Fabb,cfabbey@github.io,Female,Middelburg,Skyble
540,Peadar,Maw,pmawez@ed.gov,Male,Los Algarrobos,Vinte
541,Raffarty,Long,rlongf0@google.ru,Male,Klatovy,Photojam
542,Micki,Gusticke,mgustickef1@ox.ac.uk,Female,Quintã,Fivechat
543,Kane,Huws,khuwsf2@un.org,Male,Vani,Twitterlist
544,Chaim,Dunthorne,cdunthornef3@wikispaces.com,Male,Ciengang,Browsezoom
545,Cher,Vedeneev,cvedeneevf4@reddit.com,Female,Salavat,Yakijo
546,Genni,Rowberry,growberryf5@google.nl,Female,Luuka Town,Skinder
547,Levy,Caddies,lcaddiesf6@sohu.com,Male,Lyskovo,Yacero
548,Gusti,Penberthy,gpenberthyf7@nydailynews.com,Female,Shanting,Dabshots
549,Arnaldo,Whiffen,awhiffenf8@vimeo.com,Male,Batanghari,Thoughtstorm
550,Lynnea,Chastanet,lchastanetf9@e-recht24.de,Female,Tiedonglu,Roomm
551,Roseann,Ancketill,rancketillfa@chronoengine.com,Female,Pirassununga,Yabox
552,Latisha,Brownjohn,lbrownjohnfb@discovery.com,Female,Kupchino,Dabfeed
553,Noelyn,Kwietak,nkwietakfc@youtu.be,Female,Ilinden,Eire
554,Denys,Berndsen,dberndsenfd@ted.com,Female,Matozinhos,Twiyo
555,Lula,Lynock,llynockfe@technorati.com,Female,Saint-Lô,Katz
556,Tonye,Bowick,tbowickff@creativecommons.org,Female,Memaliaj,Divavu
557,Diarmid,Chalder,dchalderfg@chicagotribune.com,Male,Nawu,Yodo
558,Esta,Skerme,eskermefh@businesswire.com,Female,Pila,Yodo
559,Giraud,Keyho,gkeyhofi@youtu.be,Male,Xibu,Skimia
560,Toby,Sergeaunt,tsergeauntfj@patch.com,Female,Tanagara,Voolith
561,Ingram,Natwick,inatwickfk@aboutads.info,Male,Gengwan,Skyble
562,Sanderson,Cowterd,scowterdfl@spotify.com,Male,Sison,Yodo
563,Denney,Clackson,dclacksonfm@umn.edu,Male,Kalangala,Reallinks
564,Willi,Ridwood,wridwoodfn@youku.com,Female,Odiongan,Skinder
565,Cleavland,O'Neary,conearyfo@disqus.com,Male,Chaguaní,Gigabox
566,Marylynne,Very,mveryfp@rakuten.co.jp,Female,Choushui,Livepath
567,Findley,Riehm,friehmfq@examiner.com,Male,Bria,Lajo
568,Mellisa,Ellissen,mellissenfr@yandex.ru,Female,Longtian,Babbleset
569,Nelson,Haswall,nhaswallfs@nymag.com,Male,Enschede,Gabvine
570,Kacy,A'field,kafieldft@biglobe.ne.jp,Female,Kaduna,Dabfeed
571,Millisent,Perel,mperelfu@un.org,Female,Kardamás,Dabfeed
572,Roberta,Baddow,rbaddowfv@mysql.com,Female,Quán Hàu,Zooveo
573,Breanne,Sarsons,bsarsonsfw@nsw.gov.au,Female,Sacramento,Zoomcast
574,Debbie,Colledge,dcolledgefx@google.nl,Female,Hejiang,Demimbu
575,Ty,Kmicicki,tkmicickify@woothemes.com,Male,Al Nashmah,Mudo
576,Rufe,Stacy,rstacyfz@dell.com,Male,Bakau,Photobean
577,Melodie,Pollicote,mpollicoteg0@slashdot.org,Female,Yingwusitang,Eidel
578,Ulick,Dace,udaceg1@php.net,Male,Wolmaransstad,Cogibox
579,Sosanna,Rosindill,srosindillg2@parallels.com,Female,Kimméria,Shuffledrive
580,Tobye,Wooderson,twoodersong3@addtoany.com,Female,Omaha,Skaboo
581,Fania,Causley,fcausleyg4@wix.com,Female,Chicago,Gigabox
582,Duff,Boden,dbodeng5@webs.com,Male,Toronto,Trudoo
583,Lindon,Wastie,lwastieg6@state.tx.us,Male,Crossmolina,Fadeo
584,Teodor,Carme,tcarmeg7@altervista.org,Male,Zarichne,Kayveo
585,Mace,Aleksidze,maleksidzeg8@360.cn,Male,Choszczno,Fivechat
586,Filmer,Donaher,fdonaherg9@ning.com,Male,Penedo,Digitube
587,Celesta,Fratson,cfratsonga@foxnews.com,Female,Gilin,Feednation
588,Alessandra,Clows,aclowsgb@qq.com,Female,Picungbera,Devcast
589,Cherise,Maisey,cmaiseygc@statcounter.com,Female,Nijmegen,Kayveo
590,Alexis,Conochie,aconochiegd@europa.eu,Female,El Adelanto,Katz
591,Pieter,Pickthall,ppickthallge@topsy.com,Male,Yuelai,Kwideo
592,Foster,Babst,fbabstgf@guardian.co.uk,Male,Palencia,Topicstorm
593,Smitty,Brierton,sbriertongg@chicagotribune.com,Male,Angus,Skipstorm
594,Caleb,Chastelain,cchastelaingh@springer.com,Male,Curití,Kanoodle
595,Conrad,Chipchase,cchipchasegi@psu.edu,Male,Eucaliptus,Quimba
596,Jedidiah,Wildish,jwildishgj@canalblog.com,Male,Peishe,Gabvine
597,Currey,Hasser,chassergk@toplist.cz,Male,Paris 09,Ailane
598,Tedie,Sworne,tswornegl@cdc.gov,Male,Arras,Ozu
599,Lynne,Hardwick,lhardwickgm@acquirethisname.com,Female,Canto,Topdrive
600,Lynnea,Golden,lgoldengn@apple.com,Female,Bonebone,Eare
601,Bert,O'Riordan,boriordango@edublogs.org,Female,Huangqiao,Abata
602,Evelyn,Dericut,edericutgp@csmonitor.com,Female,Mufulira,Zoozzy
603,Georgina,Fruchon,gfruchongq@i2i.jp,Female,São Domingos do Maranhão,Riffpedia
604,Kassie,Wilcocks,kwilcocksgr@nps.gov,Female,Qibu,Quire
605,Emiline,Woolam,ewoolamgs@reddit.com,Female,Kladovo,Topicblab
606,Marya,Livesey,mliveseygt@mayoclinic.com,Female,Silvares,Browsecat
607,Imojean,Burthom,iburthomgu@whitehouse.gov,Female,Hoolt,Quatz
608,Karoly,Mettrick,kmettrickgv@about.com,Female,Etten-Leur,Topdrive
609,Dulcy,Tremellan,dtremellangw@usnews.com,Female,Washington,Mita
610,Demetre,Antuk,dantukgx@msn.com,Male,Āshtīān,Livepath
611,Parry,Roseby,prosebygy@auda.org.au,Male,Pingshi,Yadel
612,Sheena,Walder,swaldergz@spotify.com,Female,Tanlad,Trunyx
613,Bogart,Spinage,bspinageh0@rediff.com,Male,Guadalupe,Quatz
614,Wendeline,De-Ville,wdevilleh1@state.tx.us,Female,Pułtusk,Pixoboo
615,Ninon,Goldby,ngoldbyh2@seattletimes.com,Female,Bagong Barrio,Browsecat
616,Isidore,Nolleau,inolleauh3@qq.com,Male,Quxi,Mydeo
617,Esther,Hellis,ehellish4@tiny.cc,Female,Oklahoma City,Twitterbridge
618,Mariana,Savege,msavegeh5@ow.ly,Female,Olupona,Jabbercube
619,Mareah,Menat,mmenath6@virginia.edu,Female,Tuzhu,Jabbertype
620,Bond,Ivasyushkin,bivasyushkinh7@weebly.com,Male,Lühua,Meetz
621,Allan,Kloss,aklossh8@nasa.gov,Male,South River,Agivu
622,Roma,Whitely,rwhitelyh9@simplemachines.org,Male,Xiamazhuang,Vipe
623,Bessy,Attew,battewha@flickr.com,Female,Las Vegas,Fadeo
624,Shandeigh,Lowle,slowlehb@so-net.ne.jp,Female,Jinxiang,Photojam
625,Tabbie,Flacknoe,tflacknoehc@storify.com,Male,Carreira,Dabtype
626,Domenico,Futcher,dfutcherhd@shutterfly.com,Male,"Villa Presidente Frei, Ñuñoa, Santiago, Chile",Avavee
627,Lynn,Nassi,lnassihe@taobao.com,Male,Potet,Yombu
628,Baudoin,Osbaldstone,bosbaldstonehf@constantcontact.com,Male,Bourg-en-Bresse,Pixope
629,Loella,Alman,lalmanhg@liveinternet.ru,Female,Pau,Vinder
630,Rodrique,MacAndie,rmacandiehh@nhs.uk,Male,Otyń,Viva
631,Xerxes,Driver,xdriverhi@globo.com,Male,Zangbawa,Gigaclub
632,Baxie,McManamen,bmcmanamenhj@usa.gov,Male,Vännäs,Tagopia
633,Lonee,Jirek,ljirekhk@deviantart.com,Female,Gulod,Eabox
634,Flo,Wanless,fwanlesshl@intel.com,Female,Anápolis,Vinder
635,Daryle,Moorhead,dmoorheadhm@infoseek.co.jp,Male,Drosáto,Dynabox
636,Shirline,Kopps,skoppshn@myspace.com,Female,Parlilitan,Jabbersphere
637,Theobald,Rappa,trappaho@msn.com,Male,Shazhenxi,Yadel
638,Sayer,Rickis,srickishp@pbs.org,Male,Casais Brancos,Divape
639,Claudio,Olijve,colijvehq@quantcast.com,Male,Kolaka,Plambee
640,Lemmie,Phillipson,lphillipsonhr@sun.com,Male,Shuitianhe,Demizz
641,Bealle,Crichton,bcrichtonhs@mtv.com,Male,Mateus Leme,Flashset
642,Angel,Windless,awindlessht@washington.edu,Male,Borås,Flipstorm
643,Morten,Dennitts,mdennittshu@angelfire.com,Male,Zhengwan,Quinu
644,Hieronymus,Stappard,hstappardhv@tuttocitta.it,Male,Banatsko Karađorđevo,Kazio
645,Andree,Gallo,agallohw@state.gov,Female,Kamalaputi,Thoughtstorm
646,Todd,Littlemore,tlittlemorehx@so-net.ne.jp,Male,Noeltoko,Quaxo
647,Cassius,Semken,csemkenhy@naver.com,Male,Las Yaras,Livepath
648,Dionne,Bogeys,dbogeyshz@nps.gov,Female,Sindangrasa,Photobug
649,Nikolos,McCaughey,nmccaugheyi0@alibaba.com,Male,Datagon,Ooba
650,Wendall,Cabotto,wcabottoi1@slashdot.org,Male,Łodygowice,Browsecat
651,Lucho,Sherreard,lsherreardi2@free.fr,Male,Paris La Défense,Skippad
652,Nate,Chittenden,nchittendeni3@pagesperso-orange.fr,Male,Mnich,Tambee
653,Abdel,d'Escoffier,adescoffieri4@tmall.com,Male,Maying,Dynazzy
654,Kacie,Lochrie,klochriei5@phoca.cz,Female,Laixi,Dablist
655,Naomi,Emmanueli,nemmanuelii6@phpbb.com,Female,Shuitian,Jatri
656,Nahum,Braddock,nbraddocki7@nasa.gov,Male,Setro,Wikido
657,Alisander,Healy,ahealyi8@opensource.org,Male,Čelinac,Innotype
658,Una,Rupel,urupeli9@youku.com,Female,Dortmund,Centidel
659,Lucky,Beurich,lbeurichia@cnet.com,Female,Irati,Meezzy
660,Clemmy,Spurrett,cspurrettib@harvard.edu,Female,Aldeia,Thoughtblab
661,Jacklin,Marcus,jmarcusic@bigcartel.com,Female,Barakī Barak,Gigabox
662,Giovanna,Roderigo,groderigoid@sakura.ne.jp,Female,Oslo,Einti
663,Rafa,Gerrish,rgerrishie@bloglines.com,Female,Tobruk,Roodel
664,Keefer,Hulkes,khulkesif@guardian.co.uk,Male,Tochio-honchō,Leenti
665,Myrwyn,Twine,mtwineig@theatlantic.com,Male,Yazd,Snaptags
666,Annelise,FitzAlan,afitzalanih@wsj.com,Female,Zhangatas,Janyx
667,Giacopo,Turmel,gturmelii@dot.gov,Male,Barreiros,Fivespan
668,Corliss,McCoughan,cmccoughanij@myspace.com,Female,Skalbmierz,Twimbo
669,Dinny,Barrim,dbarrimik@redcross.org,Female,Candoni,Buzzster
670,Angie,Brimelow,abrimelowil@amazon.co.jp,Male,Beckerich,Ntag
671,Alejandra,Boskell,aboskellim@sciencedirect.com,Female,Aroa,Zooveo
672,Conny,Golling,cgollingin@skyrock.com,Female,Sumberarumkrajan,Skyvu
673,Grayce,Blaisdale,gblaisdaleio@skype.com,Female,Krong Pi Nang,Yabox
674,Jory,Gorcke,jgorckeip@linkedin.com,Male,Đạ Tẻh,Trunyx
675,Mimi,Hradsky,mhradskyiq@npr.org,Female,Yermolayevo,Zoozzy
676,Benedikt,Andrivot,bandrivotir@ning.com,Male,Devesa,Blogpad
677,Mikel,Woffinden,mwoffindenis@umich.edu,Male,Huangyuan Chengguanzhen,Oyondu
678,Alphonse,Lintin,alintinit@edublogs.org,Male,Barwałd Górny,Twitterworks
679,Zorina,Broseke,zbrosekeiu@diigo.com,Female,Cempa,Voonder
680,Samuel,Reyna,sreynaiv@netlog.com,Male,Fengxian,Tagfeed
681,Cleavland,Dobrovolny,cdobrovolnyiw@nbcnews.com,Male,Koltubanovskiy,Fatz
682,Harland,Hallahan,hhallahanix@csmonitor.com,Male,Banjar Anyar,Avamba
683,Greggory,Bolesma,gbolesmaiy@furl.net,Male,Buluh Kasap,Pixope
684,Georges,Tutchings,gtutchingsiz@google.com.br,Male,Tarutung,Shufflester
685,Stinky,Alywen,salywenj0@ucoz.com,Male,Zhongying,Centizu
686,Renato,Shrimptone,rshrimptonej1@nbcnews.com,Male,Stockholm,Voonder
687,Sherlocke,Dudmarsh,sdudmarshj2@woothemes.com,Male,Grenoble,Avamm
688,Stefania,Duck,sduckj3@webnode.com,Female,Sobang,DabZ
689,Dominique,Dudman,ddudmanj4@businesswire.com,Female,Alcácer do Sal,Livefish
690,Kellby,Sussans,ksussansj5@123-reg.co.uk,Male,Tsybli,Centizu
691,Dalton,Zukerman,dzukermanj6@topsy.com,Male,Metz,Gabcube
692,Abagael,Durrad,adurradj7@rambler.ru,Female,Mỹ Xuyên,Podcat
693,Kaiser,Andrassy,kandrassyj8@webmd.com,Male,Leśna Podlaska,Chatterpoint
694,Anabal,De La Coste,adelacostej9@state.gov,Female,Pangligaran,Layo
695,Jock,Aggett,jaggettja@google.co.jp,Male,Ujungpangkah,Vidoo
696,Jorgan,Antczak,jantczakjb@goodreads.com,Male,Kanchanaburi,Muxo
697,Burch,Hagard,bhagardjc@utexas.edu,Male,Hongcheng,Vitz
698,Fletcher,Binch,fbinchjd@slideshare.net,Male,Paris 09,Bubbletube
699,Junia,Jessep,jjessepje@plala.or.jp,Female,Nevers,Cogidoo
700,Leora,Ricciardi,lricciardijf@diigo.com,Female,Rudolfov,Eidel
701,Beryl,Lundy,blundyjg@tiny.cc,Female,Ndofane,Wikivu
702,Maximilian,Sprey,mspreyjh@hatena.ne.jp,Male,Smilavichy,Jabberbean
703,Laurianne,Beauchamp,lbeauchampji@zdnet.com,Female,Marintoc,Zoomlounge
704,Sam,Simmans,ssimmansjj@earthlink.net,Male,Kutno,Centidel
705,Marcel,Fernanando,mfernanandojk@tuttocitta.it,Male,Butwāl,Jabberstorm
706,Belicia,Lere,blerejl@washingtonpost.com,Female,Sarāb,Minyx
707,Raymund,Castri,rcastrijm@netlog.com,Male,Kaniv,Roombo
708,Rozina,Jewis,rjewisjn@prnewswire.com,Female,Novozybkov,Camimbo
709,Fidole,Gambles,fgamblesjo@about.com,Male,Kanaya,Topicblab
710,Ryley,Coonan,rcoonanjp@comcast.net,Male,Anserma,Pixoboo
711,Cordula,Scurrell,cscurrelljq@mit.edu,Female,Xagmakajor,Skinix
712,Elsie,Whicher,ewhicherjr@yelp.com,Female,Catumbela,Zoomlounge
713,Aurelea,Bolding,aboldingjs@drupal.org,Female,Pomacanchi,Skyndu
714,Shaina,Avery,saveryjt@goo.ne.jp,Female,Bokong Timur,Brainverse
715,Luther,Lowings,llowingsju@bing.com,Male,Chãos,Voonix
716,Cleavland,Mebes,cmebesjv@youtube.com,Male,Pak Phayun,Voonyx
717,Vivia,Waller,vwallerjw@bbc.co.uk,Female,Banjarkemuning,Skyndu
718,Ferrell,McBrearty,fmcbreartyjx@mozilla.org,Male,Gangsha,Oozz
719,Ava,Kliemann,akliemannjy@state.tx.us,Female,Mqabba,Livefish
720,Casar,Voce,cvocejz@infoseek.co.jp,Male,El Salitre,Fiveclub
721,Shoshanna,Foskett,sfoskettk0@toplist.cz,Female,Laolong,Trupe
722,Lurleen,Butchard,lbutchardk1@behance.net,Female,Libmanan,Yodoo
723,Jackqueline,McKennan,jmckennank2@theatlantic.com,Female,Karangboyo,Kayveo
724,Steward,Mealing,smealingk3@imgur.com,Male,Naukšēni,Thoughtbeat
725,Denni,Tennick,dtennickk4@nsw.gov.au,Female,Oslo,Zoomlounge
726,Helyn,Strover,hstroverk5@nba.com,Female,Rushanzhai,Kazio
727,Forest,Cumbridge,fcumbridgek6@scribd.com,Male,Golubac,Quatz
728,Allys,Crowley,acrowleyk7@tamu.edu,Female,Mosteiros,Pixoboo
729,Eleonore,Le Marquis,elemarquisk8@blinklist.com,Female,Khovd,Devbug
730,Thibaut,Lowensohn,tlowensohnk9@nbcnews.com,Male,Tungor,Thoughtstorm
731,Faith,Vashchenko,fvashchenkoka@hhs.gov,Female,Daxing,Devcast
732,Wiatt,Voyce,wvoycekb@xing.com,Male,Osoyoos,Twimbo
733,Aeriela,MacCulloch,amaccullochkc@scribd.com,Female,Ágio Pnévma,Flashdog
734,Anita,Sackett,asackettkd@newsvine.com,Female,Hispania,Jabbersphere
735,Geri,Daid,gdaidke@bing.com,Female,Shikārpur,Meezzy
736,Gabbey,Enright,genrightkf@smugmug.com,Female,Grajaú,Agivu
737,Devy,Weerdenburg,dweerdenburgkg@bandcamp.com,Male,Dasht-e Lati,Rhynoodle
738,Julia,McCrorie,jmccroriekh@live.com,Female,Mollās̄ānī,Feedspan
739,Henriette,Barkly,hbarklyki@theatlantic.com,Female,Ponce,Trudeo
740,Zak,Greste,zgrestekj@intel.com,Male,Olofström,Centimia
741,Bradley,Schirok,bschirokkk@blogs.com,Male,Dumaguil,Yodel
742,Jamill,Kesper,jkesperkl@redcross.org,Male,Caicó,Thoughtbeat
743,Enos,Scarffe,escarffekm@sphinn.com,Male,Žirovnica,Kwideo
744,Donnie,Tomsen,dtomsenkn@mozilla.com,Female,Franco da Rocha,Plambee
745,Britta,Murdy,bmurdyko@myspace.com,Female,San Angelo,Skilith
746,Arliene,Playle,aplaylekp@i2i.jp,Female,Cikembang,Youfeed
747,Gard,Leverette,gleverettekq@51.la,Male,Guadalupe,Skyba
748,Friedrick,Bourley,fbourleykr@skyrock.com,Male,Caherconlish,Babbleset
749,Gerome,Ondrich,gondrichks@fotki.com,Male,Sosnowiec,Shufflebeat
750,Welby,Busfield,wbusfieldkt@weather.com,Male,Mabay,Devbug
751,Ingrid,Lamprey,ilampreyku@xrea.com,Female,Monte Mor,Thoughtblab
752,Lisbeth,Bramwich,lbramwichkv@psu.edu,Female,Villa Serrano,Youopia
753,Benjamin,Kiddy,bkiddykw@artisteer.com,Male,Karis,Vimbo
754,Aimee,Defraine,adefrainekx@usgs.gov,Female,Ban Kruat,Voomm
755,Susi,Houndson,shoundsonky@themeforest.net,Female,Łąck,Trudeo
756,Bettine,Gurner,bgurnerkz@webeden.co.uk,Female,Safed,Oyoyo
757,Chrysler,Relfe,crelfel0@theatlantic.com,Female,Piedecuesta,Photolist
758,Betsey,Choat,bchoatl1@github.com,Female,Lyubinskiy,Edgeify
759,Alain,Zammitt,azammittl2@mtv.com,Male,Bacalan,Tazzy
760,Irv,Iddon,iiddonl3@abc.net.au,Male,Jinhaihu,Skinte
761,Lucienne,Willows,lwillowsl4@unicef.org,Female,Karlshamn,Linklinks
762,Shellie,Nunes Nabarro,snunesnabarrol5@fastcompany.com,Female,Marjayoûn,Avamba
763,Hy,Race,hracel6@soup.io,Male,Pizhma,Katz
764,Manny,Georgius,mgeorgiusl7@who.int,Male,Leticia,Layo
765,Gabrila,Stribbling,gstribblingl8@yahoo.co.jp,Female,Jiaoqi,Wikizz
766,Philippa,Gubbins,pgubbinsl9@ebay.co.uk,Female,Susunan,Ntag
767,Cort,Vamplus,cvamplusla@noaa.gov,Male,Orekhovo-Borisovo,Demivee
768,Leena,Aberdein,laberdeinlb@plala.or.jp,Female,Barakani,Fadeo
769,Kendal,Lipman,klipmanlc@plala.or.jp,Male,San Pedro de Atacama,Voolia
770,Quintilla,Klaaasen,qklaaasenld@behance.net,Female,Nanqi,Zooxo
771,Kizzie,Hirtz,khirtzle@mediafire.com,Female,Sungsang,Quamba
772,Malcolm,Boldra,mboldralf@baidu.com,Male,Llano de Piedra,Meedoo
773,Devina,McGarrell,dmcgarrelllg@sakura.ne.jp,Female,Yuejin,Oodoo
774,Marcelia,Beddoes,mbeddoeslh@deviantart.com,Female,Yong’an,Vipe
775,Arvy,McClinton,amcclintonli@ted.com,Male,São Tomé,Youfeed
776,Menard,Josephoff,mjosephofflj@artisteer.com,Male,Olleros,Voolia
777,Kelley,Newrick,knewricklk@cyberchimps.com,Male,Xianxi,Shuffletag
778,Amabelle,Pinare,apinarell@home.pl,Female,Nanjiao,Yoveo
779,Patricia,Arro,parrolm@fastcompany.com,Female,Erling,Aivee
780,Bowie,Castard,bcastardln@friendfeed.com,Male,Guancangping,Photojam
781,Lilli,Jerg,ljerglo@latimes.com,Female,Besuki Dua,Mita
782,Elinore,Tomasian,etomasianlp@nbcnews.com,Female,Nanjie,Skaboo
783,Pegeen,Towler,ptowlerlq@youtu.be,Female,Shengli,Fivebridge
784,Allayne,Galia,agalialr@cyberchimps.com,Male,Atescatempa,Dynazzy
785,Norrie,Lagneaux,nlagneauxls@newsvine.com,Female,Taung,Oyope
786,Josefina,Blaydon,jblaydonlt@harvard.edu,Female,Nytva,Linkbridge
787,Randolph,Gable,rgablelu@cbsnews.com,Male,Shuiyuan,Plambee
788,Federico,Petrie,fpetrielv@fotki.com,Male,San Rafael,Flashset
789,Leta,Cofax,lcofaxlw@jigsy.com,Female,Qikeshu,Buzzbean
790,Gayler,Mumm,gmummlx@npr.org,Male,Kuala Belait,Dynava
791,Rick,Shinton,rshintonly@earthlink.net,Male,Embalse,Avaveo
792,Cherice,Tiron,ctironlz@stumbleupon.com,Female,Novi Bečej,Meeveo
793,Deerdre,Kahn,dkahnm0@mayoclinic.com,Female,Wenshang,Lazz
794,Brana,Giacobbo,bgiacobbom1@washington.edu,Female,Itigi,Browsecat
795,Grannie,Leall,gleallm2@dell.com,Male,Pulupandan,Gigabox
796,Aguste,Godwin,agodwinm3@telegraph.co.uk,Male,Masiga,Agivu
797,Lorin,Fache,lfachem4@pinterest.com,Male,Okazaki,Browsedrive
798,Lu,Adamski,ladamskim5@ted.com,Female,Otavalo,Skyble
799,Carson,Frigot,cfrigotm6@netscape.com,Male,Chile Chico,LiveZ
800,Camey,Castangia,ccastangiam7@cbc.ca,Male,Cijeungjing Kaler,Yadel
801,Knox,Dyers,kdyersm8@cnet.com,Male,Sumisip,Kamba
802,Beck,Vater,bvaterm9@so-net.ne.jp,Male,Chernigovka,Tambee
803,Nikolaus,Ricker,nrickerma@auda.org.au,Male,Tinghir,Bubbletube
804,Roth,Moxon,rmoxonmb@last.fm,Male,Midões,Plajo
805,Rosina,Negro,rnegromc@cafepress.com,Female,Da’an,Topicblab
806,Odele,Golly,ogollymd@army.mil,Female,Morropón,Linktype
807,Beatriz,Cheers,bcheersme@nih.gov,Female,Oranmore,Voonix
808,Roland,Schaffler,rschafflermf@home.pl,Male,San Rafael del Sur,Edgetag
809,Ade,Izkovici,aizkovicimg@narod.ru,Male,Kobelyaky,Eadel
810,Ogdan,Cathcart,ocathcartmh@mashable.com,Male,Ciudad Cortés,Teklist
811,Reider,Bomfield,rbomfieldmi@buzzfeed.com,Male,Arruda dos Vinhos,Fivebridge
812,Marjie,Faber,mfabermj@google.co.jp,Female,San Carlos,Oyonder
813,Wes,Pearde,wpeardemk@answers.com,Male,Illkirch-Graffenstaden,Fliptune
814,Rich,Boast,rboastml@fastcompany.com,Male,Grebenskaya,Voolith
815,Fernanda,Grimditch,fgrimditchmm@princeton.edu,Female,Dawan,Rhyzio
816,Waly,Carreck,wcarreckmn@google.com,Female,Kobayashi,Plambee
817,Gerhardt,Lowis,glowismo@devhub.com,Male,Dobri Dol,Kare
818,Lynette,Stucke,lstuckemp@patch.com,Female,Quebrada Larga,Yakijo
819,Vina,Mouth,vmouthmq@phpbb.com,Female,Pom Prap Sattru Phai,Bluezoom
820,Arleta,Hambrook,ahambrookmr@addtoany.com,Female,Thị Trấn Yên Cát,Edgeblab
821,Susie,Hutson,shutsonms@icq.com,Female,Haoguantun,Plambee
822,Melvin,Whelan,mwhelanmt@ted.com,Male,Bandhagen,Gabtune
823,Jammie,Chapier,jchapiermu@e-recht24.de,Female,Lazaro Cardenas,Feednation
824,Thaddeus,Dishman,tdishmanmv@illinois.edu,Male,Matumadua,Jaxworks
825,Saba,Honeywood,shoneywoodmw@pen.io,Female,Reitoca,Oyonder
826,Gwynne,Dametti,gdamettimx@friendfeed.com,Female,Czarna Woda,Agimba
827,Bambie,Yarham,byarhammy@bizjournals.com,Female,Kingisepp,Jetwire
828,Darlleen,Maddison,dmaddisonmz@boston.com,Female,Novhorodka,Meemm
829,Rafaello,Cissell,rcisselln0@uiuc.edu,Male,Mosopa,Flipstorm
830,Harv,Widdall,hwiddalln1@istockphoto.com,Male,Kuala Terengganu,Meejo
831,Brennen,Pidgen,bpidgenn2@cafepress.com,Male,Vänersborg,Dynabox
832,Elita,Cowins,ecowinsn3@google.co.jp,Female,Malec,Camimbo
833,Kiersten,Drewell,kdrewelln4@geocities.jp,Female,Penitik,Gabtype
834,Dido,Marchetti,dmarchettin5@desdev.cn,Female,Końskowola,Zoomzone
835,Paquito,Mandrey,pmandreyn6@oracle.com,Male,Krong Pi Nang,Gabspot
836,Bone,Brettelle,bbrettellen7@google.es,Male,Maoshan,Izio
837,Isidore,Downe,idownen8@e-recht24.de,Male,Padang,Skajo
838,Claudius,Sperwell,csperwelln9@aol.com,Male,Uto,Devcast
839,Camella,Petrolli,cpetrollina@myspace.com,Female,Yuto,Vinder
840,Letitia,Huyge,lhuygenb@ted.com,Female,Carreira,Wikizz
841,Joline,Bettley,jbettleync@uol.com.br,Female,Huayacundo Arma,Twimm
842,Bail,Clerc,bclercnd@mapy.cz,Male,Minato,Voonder
843,Tanney,Hanmer,thanmerne@typepad.com,Male,Bancal,Skinte
844,Jaimie,Proppers,jproppersnf@ebay.co.uk,Female,Sabbah,Voomm
845,Gleda,Waiton,gwaitonng@google.it,Female,Morbatoh,Realcube
846,Rosita,Johnsson,rjohnssonnh@sakura.ne.jp,Female,Suban,Devify
847,Jerrylee,Kingwell,jkingwellni@pinterest.com,Female,Karangtengah,Bubbletube
848,Andros,Cellier,acelliernj@yandex.ru,Male,Sambongmulyo,Flipopia
849,Georas,Vasyutkin,gvasyutkinnk@usatoday.com,Male,Murici,Jaxbean
850,Cathrin,Zanolli,czanollinl@diigo.com,Female,Krenggan,Oyonder
851,Michaeline,Bernade,mbernadenm@booking.com,Female,Nabīnagar,Thoughtbridge
852,Ame,Bowell,abowellnn@ovh.net,Female,Junxi,Brightbean
853,Otha,O'Cridigan,oocridiganno@yahoo.com,Female,Angoulême,Topiczoom
854,Quincey,Lawrey,qlawreynp@oakley.com,Male,Skála Oropoú,Blogtag
855,Wilhelm,Colbran,wcolbrannq@com.com,Male,Tromsø,Dazzlesphere
856,Vonni,Matchett,vmatchettnr@netvibes.com,Female,Yako,Bubbletube
857,Clevie,Bursell,cbursellns@taobao.com,Male,Oemanu,Twimbo
858,Danie,Rolance,drolancent@virginia.edu,Male,Bashan,Edgeblab
859,Efren,Dudney,edudneynu@ted.com,Male,Knyaze-Volkonskoye,Dabjam
860,Ricoriki,Sellars,rsellarsnv@devhub.com,Male,Enköping,Demizz
861,Rora,Accomb,raccombnw@ebay.com,Female,Blendis,Digitube
862,Filide,Perrat,fperratnx@amazon.de,Female,Liushui,Agimba
863,Mollie,Akhurst,makhurstny@csmonitor.com,Female,Chenfangji,Meetz
864,Fonzie,Edinboro,fedinboronz@thetimes.co.uk,Male,Zolotyy Potik,Flipopia
865,Horatio,Hawker,hhawkero0@mlb.com,Male,Porsgrunn,Katz
866,D'arcy,Deverill,ddeverillo1@discuz.net,Male,Hovtamej,Leenti
867,Constancy,Adamec,cadameco2@artisteer.com,Female,Bulangan,Omba
868,Thaddeus,Bader,tbadero3@mtv.com,Male,Erdaobaihe,Miboo
869,Agathe,Goad,agoado4@google.fr,Female,La Plata,Browsezoom
870,Phillipe,Pydcock,ppydcocko5@hud.gov,Male,Zaliztsi,Jabbercube
871,Gratiana,Jordan,gjordano6@chicagotribune.com,Female,Margacina,Linklinks
872,Georgiana,Van Hesteren,gvanhestereno7@about.me,Female,Bantry,Topdrive
873,Daisey,Howden,dhowdeno8@wp.com,Female,Mogi das Cruzes,Photojam
874,Sigrid,Rosenberger,srosenbergero9@e-recht24.de,Female,Uchkeken,Realcube
875,Roxanna,Ellice,relliceoa@narod.ru,Female,Imtarfa,Jatri
876,Temp,Couser,tcouserob@sitemeter.com,Male,Acopiara,Twimm
877,Hildegarde,Venour,hvenouroc@ca.gov,Female,Qujing,Topicware
878,Devonna,Valance,dvalanceod@guardian.co.uk,Female,Shangyang,Oyondu
879,Charmain,Stovin,cstovinoe@hostgator.com,Female,Vykhino-Zhulebino,Lajo
880,Thadeus,Pilsworth,tpilsworthof@amazon.co.uk,Male,Yurkivka,Gigabox
881,Billy,Ivashnyov,bivashnyovog@netscape.com,Male,Wan’an,Twinder
882,Zenia,Sergant,zsergantoh@ibm.com,Female,Bokaa,Avamm
883,Therine,Leeder,tleederoi@shinystat.com,Female,Sipoholon,Oyondu
884,Cortney,Antoszewski,cantoszewskioj@123-reg.co.uk,Female,Huadi,Babbleset
885,Theadora,Jacquemard,tjacquemardok@mediafire.com,Female,Jaen,Oozz
886,Lefty,Flaws,lflawsol@people.com.cn,Male,Bulu,Demivee
887,Jonell,Snar,jsnarom@sourceforge.net,Female,Zamoskvorech’ye,Thoughtblab
888,Yettie,Puckrin,ypuckrinon@slate.com,Female,Huangbu,Linklinks
889,Hank,Tipperton,htippertonoo@twitpic.com,Male,Axili,Gabcube
890,Renate,Goodhand,rgoodhandop@ox.ac.uk,Female,Stavyshche,Devcast
891,Janel,Roistone,jroistoneoq@nasa.gov,Female,Šventoji,Wordware
892,Michaeline,Pudney,mpudneyor@wisc.edu,Female,Bègles,Vimbo
893,Chancey,Bengough,cbengoughos@addthis.com,Male,Oslo,Kwimbee
894,Sabrina,Grainge,sgraingeot@kickstarter.com,Female,Santa Maria,Voomm
895,Patin,Sauvage,psauvageou@fc2.com,Male,Quimistán,Realpoint
896,Valentino,Cure,vcureov@nih.gov,Male,Uppsala,Photolist
897,Janos,Augustus,jaugustusow@java.com,Male,Tornio,Meemm
898,Anallise,Haygreen,ahaygreenox@sogou.com,Female,Sydney,Wordpedia
899,Nicole,Fitzsymonds,nfitzsymondsoy@chron.com,Female,Apitong,Oyondu
900,Salvidor,Geroldo,sgeroldooz@usgs.gov,Male,Melun,Leenti
901,Gratia,Pawlik,gpawlikp0@mac.com,Female,Santa Rosa,Topicblab
902,Carlota,Keneleyside,ckeneleysidep1@chronoengine.com,Female,Luoshui,Shufflebeat
903,Olenka,Vedekhov,ovedekhovp2@independent.co.uk,Female,Fenghuo,Roombo
904,Micheil,Roan,mroanp3@ow.ly,Male,Lexington,Skajo
905,Eyde,Darch,edarchp4@tripadvisor.com,Female,Gaopeng,Browsezoom
906,Jereme,Kindle,jkindlep5@jalbum.net,Male,Buenos Aires,Edgeclub
907,Adaline,Hayle,ahaylep6@devhub.com,Female,Poá,Skinder
908,Leland,Cossem,lcossemp7@wp.com,Female,Rennebu,Topdrive
909,Delinda,Brasse,dbrassep8@hexun.com,Female,Bunia,Buzzshare
910,Hillard,Gamlen,hgamlenp9@acquirethisname.com,Male,Itaguaçu,Ooba
911,Georgy,Gurner,ggurnerpa@addtoany.com,Male,La Reforma,Thoughtblab
912,Myrwyn,Wilgar,mwilgarpb@pcworld.com,Male,Sironko,Quimba
913,Hobie,Kordas,hkordaspc@mozilla.org,Male,Itabirito,Izio
914,Delores,Loveless,dlovelesspd@whitehouse.gov,Female,Pandanrejokrajan,Yabox
915,Carmelle,Whalebelly,cwhalebellype@booking.com,Female,Banjar Dauhmargi,Skipfire
916,Licha,Beaulieu,lbeaulieupf@blogs.com,Female,Sremski Karlovci,Shuffledrive
917,Brook,Kidson,bkidsonpg@livejournal.com,Male,Swinford,Devify
918,Delcine,Crole,dcroleph@boston.com,Female,Shifang,Muxo
919,Bel,Oluwatoyin,boluwatoyinpi@microsoft.com,Female,Bamiantong,Trudoo
920,Cletus,Perrygo,cperrygopj@chron.com,Male,Novopokrovskaya,Blogspan
921,Mariquilla,Saffon,msaffonpk@wikipedia.org,Female,Andamui,Buzzster
922,Delphine,Clapham,dclaphampl@home.pl,Female,A dos Cunhados,Gabcube
923,Neda,McGilroy,nmcgilroypm@ucoz.com,Female,Mulong,Oodoo
924,Nefen,Steen,nsteenpn@cbc.ca,Male,Mieścisko,Realfire
925,Trip,Schistl,tschistlpo@accuweather.com,Male,Taghazout,Linkbuzz
926,Trstram,Nelsen,tnelsenpp@reverbnation.com,Male,Grenoble,Photobug
927,Lowell,Duly,ldulypq@ebay.com,Male,Hong’an,Aimbo
928,Klaus,Thorby,kthorbypr@washingtonpost.com,Male,‘Abbāsābād,Skipfire
929,Melessa,Rigardeau,mrigardeaups@storify.com,Female,Zel’va,Devshare
930,Caleb,Westwell,cwestwellpt@biblegateway.com,Male,Paris 13,Twimbo
931,Winn,Yewen,wyewenpu@clickbank.net,Male,Oslo,Photobug
932,Arnoldo,Orwin,aorwinpv@ning.com,Male,General Martín Miguel de Güemes,Blogspan
933,Katerine,Ceaser,kceaserpw@yelp.com,Female,Picos,Dazzlesphere
934,Susanne,Feldstern,sfeldsternpx@slashdot.org,Female,Kiryū,Skinder
935,Mariel,Cottisford,mcottisfordpy@over-blog.com,Female,Tongle,Teklist
936,Wally,Kirtley,wkirtleypz@mail.ru,Male,Guling,Tagtune
937,Mortie,Readwood,mreadwoodq0@marketwatch.com,Male,San Pedro Zacapa,Jazzy
938,Arlena,Croucher,acroucherq1@cbslocal.com,Female,Phu Kam Yao,Realmix
939,Staford,Pabelik,spabelikq2@multiply.com,Male,Ciego de Ávila,Aimbu
940,Avery,McKerlie,amckerlieq3@google.com.br,Male,Dubréka,Rhyloo
941,Pearle,Carletti,pcarlettiq4@networkadvertising.org,Female,Ongi,Browsebug
942,Parrnell,Murra,pmurraq5@addtoany.com,Male,Zoumachang,Avaveo
943,Neale,Hugle,nhugleq6@youtu.be,Male,Jiekeng,Podcat
944,Don,Heam,dheamq7@whitehouse.gov,Male,Contagem,Dazzlesphere
945,Abbie,Pringley,apringleyq8@1688.com,Male,Igarapava,Cogilith
946,Marleah,Haggith,mhaggithq9@jigsy.com,Female,Bouças,Yata
947,Hillary,Whitmore,hwhitmoreqa@chronoengine.com,Female,Pondokkaha Kelod,Skivee
948,Winny,Anear,wanearqb@pinterest.com,Male,Taiping,Wikibox
949,Jemimah,Masser,jmasserqc@printfriendly.com,Female,Amassoma,Babbleopia
950,Lauryn,Coltan,lcoltanqd@uol.com.br,Female,Fangtang,Brainlounge
951,Domenic,Scholl,dschollqe@intel.com,Male,Rislane,Zoonoodle
952,Jerrine,Cicconetti,jcicconettiqf@patch.com,Female,Paris 17,Eidel
953,Johnette,Strodder,jstrodderqg@phpbb.com,Female,Lyantonde,Jabbercube
954,Haydon,Lilloe,hlilloeqh@earthlink.net,Male,Gaobu,Zoomzone
955,Dalia,Kenningley,dkenningleyqi@irs.gov,Female,Huyuan,Skiptube
956,Leora,Ilyasov,lilyasovqj@businessinsider.com,Female,Dongle,Kimia
957,Huey,Girkins,hgirkinsqk@unblog.fr,Male,Omutninsk,Chatterpoint
958,Debera,Tummond,dtummondql@dedecms.com,Female,Pasirmalang,Babbleopia
959,Lissa,Schoenrock,lschoenrockqm@is.gd,Female,Kamina,Demimbu
960,Alexandros,Woolmore,awoolmoreqn@jugem.jp,Male,Sélibabi,Photolist
961,Elysee,Bugden,ebugdenqo@buzzfeed.com,Female,Ozorków,Meejo
962,Guthry,Talby,gtalbyqp@addthis.com,Male,Roun Satu,Quatz
963,Sigvard,Bridgestock,sbridgestockqq@ucoz.com,Male,Chugur,Gabtune
964,Blondie,Clutterbuck,bclutterbuckqr@soundcloud.com,Female,Yaroslavl,Zoonder
965,Hillary,Paskell,hpaskellqs@addtoany.com,Male,Linköping,Fiveclub
966,Brett,Byrch,bbyrchqt@npr.org,Female,Passos,Feedmix
967,Sawyer,Shrive,sshrivequ@paginegialle.it,Male,Akbarābād,Yacero
968,Melva,Radloff,mradloffqv@japanpost.jp,Female,San Quintin,Aivee
969,Lita,Doolan,ldoolanqw@springer.com,Female,Hushan,Mybuzz
970,Teddy,Peirce,tpeirceqx@flickr.com,Male,Pisarzowice,Yambee
971,Ingaberg,Skule,iskuleqy@soup.io,Female,Vidin,Viva
972,Lacy,McCord,lmccordqz@bizjournals.com,Female,Marcala,Gigazoom
973,Tamas,Pennetti,tpennettir0@mashable.com,Male,Skövde,Yoveo
974,Falito,Kach,fkachr1@shinystat.com,Male,Xingdian,Demivee
975,Sashenka,Beadles,sbeadlesr2@statcounter.com,Female,Rotterdam postbusnummers,Fadeo
976,Scot,Jaram,sjaramr3@oracle.com,Male,Suklayin,Minyx
977,Claiborn,Grutchfield,cgrutchfieldr4@odnoklassniki.ru,Male,Gayny,Flipopia
978,Daveta,Rallings,drallingsr5@dyndns.org,Female,Cuenca,Zoovu
979,Jaime,Spedding,jspeddingr6@xing.com,Female,Jinrui,Meevee
980,Nikola,Lucus,nlucusr7@ameblo.jp,Male,Kortesjärvi,Skimia
981,Lindy,Vick,lvickr8@cnbc.com,Female,Mouzáki,Divavu
982,Lacee,Boord,lboordr9@npr.org,Female,Karlskoga,Pixoboo
983,Mignon,Winterborne,mwinterbornera@booking.com,Female,San Miguel,Muxo
984,Parry,Meiklejohn,pmeiklejohnrb@hubpages.com,Male,Krasna,Babbleset
985,Ariel,Turpin,aturpinrc@weebly.com,Male,Lagodekhi,Gabvine
986,Jehu,Athelstan,jathelstanrd@kickstarter.com,Male,Jiangguanchi,Youspan
987,Phyllys,D'Orsay,pdorsayre@studiopress.com,Female,Damatulan,Yombu
988,Nathanil,Donnett,ndonnettrf@ted.com,Male,Long’an Chengxiangzhen,Wordify
989,Yardley,Colloby,ycollobyrg@uol.com.br,Male,Vista Hermosa,Browseblab
990,Dorolice,Becerra,dbecerrarh@dyndns.org,Female,Aileu,Myworks
991,Armstrong,Statersfield,astatersfieldri@wisc.edu,Male,Cipatat,Edgeblab
992,Cesar,Wofenden,cwofendenrj@amazon.de,Male,Gobernador Costa,Skyble
993,Helge,Hoodless,hhoodlessrk@fastcompany.com,Female,Na Di,Blogpad
994,Tarra,Colcomb,tcolcombrl@privacy.gov.au,Female,Phra Pradaeng,Muxo
995,Sephira,Dunn,sdunnrm@sun.com,Female,Bila Tserkva,Oloo
996,Oralla,Chalice,ochalicern@google.nl,Female,Angers,Zava
997,Weber,Al Hirsi,walhirsiro@nature.com,Male,Patitírion,Youopia
998,Leopold,Andreaccio,landreacciorp@opera.com,Male,Qianying,Devify
999,Nefen,Fatscher,nfatscherrq@rediff.com,Male,Lewokluok,Thoughtblab
1000,Orella,Hunday,ohundayrr@desdev.cn,Female,Morcolla,Twitterwire
